Row_num,Doctor_ID,Name,phone_number,Office_location,Office_hours,Course,Address,Email
1,10001,'Dr. Maher','890','Academic','9 AM - 5 PM','Circuits','123 Main St','dr.maher@zewailcity'
2,10002,'Dr. Khalid','210','Academic','10 AM - 6 PM','Visualization','456 Elm St','dr.khalid@zewailcity'
3,10003,'Dr. Yousry','333','Academic','8 AM - 4 PM','Database','789 Oak St','dr.yousry@zewailcity'
4,10004,'Dr. Mayda','555','Academic','11 AM - 7 PM','Datastructure','101 Pine St','dr.mayda@zewailcity'
5,10005,'Dr. Doaa','577','Academic','7 AM - 3 PM','OOP','202 Cedar St','dr.doaa@zewailcity'
6,10006,'Dr. Ashraf','891','Academic','9 AM - 5 PM','Network','123 Main St','dr.Ashraf@zewailcity'
7,10007,'Dr. Hatem','210','Academic','10 AM - 6 PM','Visualization','456 Elm St','dr.Hatem@zewailcity'
8,10008,'Dr. Azza','303','Academic','8 AM - 4 PM','Database','789 Oak St','dr.Azza@zewailcity'
9,10009,'Dr. Hadidy','550','Academic','11 AM - 7 PM','Datastructure','101 Pine St','dr.mayda@zewailcity'
10,10010,'Dr. Waleed','840','Academic','9 AM - 5 PM','Probability','123 Main St','dr.Waleed@zewailcity'
11,10011,'Dr. Mahmoud','210','Academic','10 AM - 6 PM','DATA','456 Elm St','dr.Mahmoud@zewailcity'
12,10012,'Dr. Ehab','333','Academic','8 AM - 4 PM','Cloud','789 Oak St','dr.Ehab@zewailcity'
13,10013,'Dr. Sabah','555','Academic','11 AM - 7 PM','Reasoning','101 Pine St','dr.Sabah@zewailcity'
14,10014,'Dr. Shref','577','Academic','7 AM - 3 PM','Ethics','202 Cedar St','dr.Shref@zewailcity'
15,10015,'Dr. Mahdy','891','Academic','9 AM - 5 PM','Logic','123 Main St','dr.Mahdy@zewailcity'
16,10016,'Dr. Anas','210','Academic','10 AM - 6 PM','Programming','456 Elm St','dr.Anas@zewailcity'
17,10017,'Dr. Ahmed','303','Academic','8 AM - 4 PM','Acquisition','789 Oak St','dr.Ahmed@zewailcity'
18,10018,'Dr. Amr','550','Academic','11 AM - 7 PM','Physics','101 Pine St','dr.Amr@zewailcity'
19,10019,'Dr. Hana','840','Academic','9 AM - 5 PM','Machine Learning','123 Main St','dr.Hana@zewailcity'
20,10020,'Dr. Tarek','210','Academic','10 AM - 6 PM','Artificial Intelligence','456 Elm St','dr.Tarek@zewailcity'
21,10021,'Dr. Aisha','333','Academic','8 AM - 4 PM','Robotics','789 Oak St','dr.Aisha@zewailcity'
22,10022,'Dr. Sameh','555','Academic','11 AM - 7 PM','Cybersecurity','101 Pine St','dr.Sameh@zewailcity'
23,10023,'Dr. Laila','577','Academic','7 AM - 3 PM','Bioinformatics','202 Cedar St','dr.Laila@zewailcity'
24,10024,'Dr. Kareem','891','Academic','9 AM - 5 PM','Quantum Computing','123 Main St','dr.Kareem@zewailcity'
25,10025,'Dr. Mona','210','Academic','10 AM - 6 PM','Neural Networks','456 Elm St','dr.Mona@zewailcity'
26,10026,'Dr. Hossam','303','Academic','8 AM - 4 PM','Data Mining','789 Oak St','dr.Hossam@zewailcity'
27,10027,'Dr. Rania','550','Academic','11 AM - 7 PM','Geographic Information Systems','101 Pine St','dr.Rania@zewailcity'
28,10028,'Dr. Kareem','840','Academic','9 AM - 5 PM','Computer Vision','123 Main St','dr.Kareem@zewailcity'
29,10029,'Dr. Nour','210','Academic','10 AM - 6 PM','Natural Language Processing','456 Elm St','dr.Nour@zewailcity'
30,10030,'Dr. Samar','333','Academic','8 AM - 4 PM','Software Engineering','789 Oak St','dr.Samar@zewailcity'
31,10031,'Dr. Ezzat','555','Academic','11 AM - 7 PM','Human-Computer Interaction','101 Pine St','dr.Ezzat@zewailcity'
32,10032,'Dr. Amal','577','Academic','7 AM - 3 PM','Big Data','202 Cedar St','dr.Amal@zewailcity'
33,10033,'Dr. Omar','891','Academic','9 AM - 5 PM','Internet of Things','123 Main St','dr.Omar@zewailcity'
34,10034,'Dr. Farida','210','Academic','10 AM - 6 PM','Digital Signal Processing','456 Elm St','dr.Farida@zewailcity'
35,10035,'Dr. Khaled','303','Academic','8 AM - 4 PM','Computer Graphics','789 Oak St','dr.Khaled@zewailcity'
36,10036,'Dr. Yara','550','Academic','11 AM - 7 PM','Embedded Systems','101 Pine St','dr.Yara@zewailcity'
37,10037,'Dr. Nader','840','Academic','9 AM - 5 PM','Web Development','123 Main St','dr.Nader@zewailcity'
38,10038,'Dr. Dina','210','Academic','10 AM - 6 PM','Mobile App Development','456 Elm St','dr.Dina@zewailcity'
39,10039,'Dr. Sameera','333','Academic','8 AM - 4 PM','Computer Networks','789 Oak St','dr.Sameera@zewailcity'
40,10040,'Dr. Omar','555','Academic','11 AM - 7 PM','Information Retrieval','101 Pine St','dr.Omar@zewailcity'
