Row_num,Major,Student_ID,Name,Phone,Street_Num,Street_Name,B_date,Gender,Email,Faculty_Name,favourite_doctor
1,AI,202201501,Hamza Abdelmoreed,01142859850,10,Nile Street,2004-10-1,Male,hamza.fekry@zewailcity,Computer Science,'Dr. Maher'
2,Software,202201602,Aya Ali,01142859851,20,Pyramids Street,2004-02-15,Female,aya.ali@zewailcity,Computer Science,'Dr. Maher'
3,IT,202201203,Reem Samy,01142859852,30,Cairo Street,2004-08-20,Female,reem.samy@zewailcity,Computer Science,'Dr. Maher'
4,AI,202201701,Ahmed Hassan,01142859853,40,Sphinx Street,2004-04-25,Male,ahmed.hassan@zewailcity,Computer Science,'Dr. Maher'
5,Software,202201802,Fatima Mohamed,01142859854,50,Pharaohs Street,2004-10-30,Female,fatima.mohamed@zewailcity,Computer Science,'Dr. Yousry'
6,IT,202201903,Omar Ali,01142859855,60,Nile Banks,2004-01-05,Male,omar.ali@zewailcity,Computer Science,'Dr. Yousry'
7,AI,202202004,Layla Ibrahim,01142859856,70,Nile View Street,2004-03-12,Female,layla.ibrahim@zewailcity,Computer Science,'Dr. Yousry'
8,Software,202202105,Khaled Salah,01142859857,80,Pyramids View Street,2004-09-18,Male,khaled.salah@zewailcity,Computer Science,'Dr. Maher'
9,IT,202202206,Noura Hassan,01142859858,90,Cairo View Street,2004-12-25,Female,noura.hassan@zewailcity,Computer Science,'Dr. Maher'
10,AI,202201306,Fatima Ali,01142859864,90,Maadi Corniche,2004-12-25,Female,fatima.ali@zewailcity,Computer Science,'Dr. Maher'
11,Software,202201307,Youssef Samir,01142859865,100,October City Street,2004-08-05,Male,youssef.samir@zewailcity,Computer Science,'Dr. Maher'
12,IT,202201308,Nourhan Ahmed,01142859866,130,New Cairo Street,2004-02-28,Female,nourhan.ahmed@zewailcity,Computer Science,'Dr. Maher'
13,AI,202101705,Sarah Youssef,01142859854,50,Tahrir Street,2004-10-30,Female,sarah.youssef@zewailcity,Computer Science,'Dr. Maher'
14,Software,202201107,Youssef Ahmed,01142859865,100,October City Street,2004-08-05,Male,youssef.ahmed@zewailcity,Computer Science,'Dr. Maher'
15,AI,202202307,Mohamed Emam,01142859859,100,Maadi View Street,2004-07-05,Male,mohamed.emam@zewailcity,Computer Science,'Dr. Maher'
16,Nanotechnology,202102408,Mona Mahmoud,01142859860,110,Tahrir View Street,2003-11-30,Female,mona.mahmoud@zewailcity,Engineering,'Dr. Maher'
17,Renewable,202102509,Amr Samir,01142859861,120,Giza View Street,2003-06-15,Male,amr.samir@zewailcity,Engineering,'Dr. Yousry'
18,CIE,202101821,Eman Farouk,01142859870,260,Sharkia Street,2003-07-15,Female,eman.farouk@zewailcity,Engineering,'Dr. Mayda'
19,Nanotechnology,202101715,Sarah Youssef,01142859854,50,Tahrir Street,2003-10-30,Female,sarah.youssef@zewailcity,Engineering,'Dr. Mayda'
20,Renewable,202101406,Mona Khaled,01142859855,60,Giza Street,2003-01-05,Male,marwan.khaled@zewailcity,Engineering,'Dr. Mayda'
21,Nanotechnology,202102418,Mariam Samir,01141859860,110,Tahrir View Street,2003-11-19,Female,Mariam.Samir@zewailcity,Engineering,'Dr. Mayda'
22,Renewable,202102519,Amr Farouk,01141859861,120,Giza View Street,2003-06-11,Male,amr.samir@zewailcity,Engineering,'Dr. Mayda'
23,CIE,202101021,Haneen Khaled,01141859870,260,Sharkia Street,2003-07-05,Female,Haneen.Khaled@zewailcity,Engineering,'Dr. Anas'
24,Nanotechnology,202100715,Sarah Youssef,01141859854,50,Tahrir Street,2003-09-30,Female,sarah.youssef@zewailcity,Engineering,'Dr. Anas'
25,Renewable,202101416,Mahmoud Khaled,01141859855,60,Giza Street,2003-01-05,Male,Mahmoud.khaled@zewailcity,Engineering,'Dr. Amr'
26,Biomedical,202001304,Ahmed Mustafa,01142859853,40,Maadi Street,2002-04-25,Male,ahmed.mustafa@zewailcity,Science,'Dr. Yousry'
27,Nanoscience,202001522,Hussein Mahmoud,01142859871,270,Assiut Street,2002-03-20,Male,hussein.mahmoud@zewailcity,Science,'Dr. Yousry'
28,Physics,202001120,Norhan Adel,01142859869,250,Fayoum Street,2002-11-10,Female,norhan.adel@zewailcity,Science,'Dr. Yousry'
29,Biomedical,202001404,Layla Ahmed,01142859862,70,Zamalek Street,2003-09-20,Female,layla.ahmed,Science,'Dr. Amr'
30,Physics,202001305,Omar Hassan,01142859863,80,Mohandiseen Street,2003-04-10,Male,omar.hassan,Science,'Dr. Amr'
31,Nanotechnology,202002418,Mariam Samir,01141859860,110,Tahrir View Street,2003-11-19,Female,Mariam.Samir@zewailcity,Engineering,'Dr. Amr'
32,Renewable,202002519,Amr Farouk,01141859861,120,Giza View Street,2003-06-11,Male,amr.samir@zewailcity,Engineering,'Dr. Amr'
33,CIE,202002021,Haneen Khaled,01141859870,260,Sharkia Street,2003-07-05,Female,Haneen.Khaled@zewailcity,Engineering,'Dr. Amr'
34,Nanotechnology,202002715,Sarah Youssef,01141859854,50,Tahrir Street,2003-09-30,Female,sarah.youssef@zewailcity,Engineering,'Dr. Khaled'
35,Renewable,202002416,Mahmoud Khaled,01141859855,60,Giza Street,2003-01-05,Male,Mahmoud.khaled@zewailcity,Engineering,'Dr. Khaled'
36,Biomedical,202002304,Ahmed Mustafa,01142859853,40,Maadi Street,2002-04-25,Male,ahmed.mustafa@zewailcity,Science,'Dr. Khaled'
37,Nanoscience,202002522,Hussein Mahmoud,01142859871,270,Assiut Street,2002-03-20,Male,hussein.mahmoud@zewailcity,Science,'Dr. Khaled'
38,Physics,202002120,Norhan Adel,01142859869,250,Fayoum Street,2002-11-10,Female,norhan.adel@zewailcity,Science,'Dr. Khaled'
39,Biomedical,202002404,Layla Ahmed,01142859862,70,Zamalek Street,2003-09-20,Female,layla.ahmed,Science,'Dr. Khaled'
40,Physics,202002305,Omar Hassan,01142859863,80,Mohandiseen Street,2003-04-10,Male,omar.hassan,Science,'Dr. Khaled'
41,Nanotechnology,202102418,Mariam Samir,01141859860,110,Tahrir View Street,2003-11-19,Female,Mariam.Samir@zewailcity,Engineering,'Dr. Khaled'
42,Renewable,202102519,Amr Farouk,01141859861,120,Giza View Street,2003-06-11,Male,amr.samir@zewailcity,Engineering,'Dr. Omar'
43,CIE,202101021,Haneen Khaled,01141859870,260,Sharkia Street,2003-07-05,Female,Haneen.Khaled@zewailcity,Engineering,'Dr. Omar'
44,Nanotechnology,202100715,Sarah Youssef,01141859854,50,Tahrir Street,2003-09-30,Female,sarah.youssef@zewailcity,Engineering,'Dr. Omar'
45,Renewable,202101416,Mahmoud Khaled,01141859855,60,Giza Street,2003-01-05,Male,Mahmoud.khaled@zewailcity,Engineering,'Dr. Omar'
46,Biomedical,202001304,Ahmed Mustafa,01142859853,40,Maadi Street,2002-04-25,Male,ahmed.mustafa@zewailcity,Science,'Dr. Omar'
47,Nanoscience,202001522,Hussein Mahmoud,01142859871,270,Assiut Street,2002-03-20,Male,hussein.mahmoud@zewailcity,Science,'Dr. Omar'
48,Physics,202001120,Norhan Adel,01142859869,250,Fayoum Street,2002-11-10,Female,norhan.adel@zewailcity,Science,'Dr. Hatem'
49,Biomedical,202001404,Layla Ahmed,01142859862,70,Zamalek Street,2003-09-20,Female,layla.ahmed,Science,'Dr. Hatem'
50,Physics,202001305,Omar Hassan,01142859863,80,Mohandiseen Street,2003-04-10,Male,omar.hassan,Science,'Dr. Hatem'
51,Nanotechnology,202002418,Mariam Samir,01141859860,110,Tahrir View Street,2003-11-19,Female,Mariam.Samir@zewailcity,Engineering,'Dr. Hatem'
52,Renewable,202002519,Amr Farouk,01141859861,120,Giza View Street,2003-06-11,Male,amr.samir@zewailcity,Engineering,'Dr. Hatem'
53,CIE,202002021,Haneen Khaled,01141859870,260,Sharkia Street,2003-07-05,Female,Haneen.Khaled@zewailcity,Engineering,'Dr. Hatem'
54,Nanotechnology,202002715,Sarah Youssef,01141859854,50,Tahrir Street,2003-09-30,Female,sarah.youssef@zewailcity,Engineering,'Dr. Hatem'
55,Renewable,202002416,Mahmoud Khaled,01141859855,60,Giza Street,2003-01-05,Male,Mahmoud.khaled@zewailcity,Engineering,'Dr. Hatem'
56,Biomedical,202002304,Ahmed Mustafa,01142859853,40,Maadi Street,2002-04-25,Male,ahmed.mustafa@zewailcity,Science,'Dr. Ahmed'
57,Nanoscience,202002522,Hussein Mahmoud,01142859871,270,Assiut Street,2002-03-20,Male,hussein.mahmoud@zewailcity,Science,'Dr. Ahmed'
58,Physics,202002120,Norhan Adel,01142859869,250,Fayoum Street,2002-11-10,Female,norhan.adel@zewailcity,Science,'Dr. Ahmed'
59,Biomedical,202002404,Layla Ahmed,01142859862,70,Zamalek Street,2003-09-20,Female,layla.ahmed,Science,'Dr. Ahmed'
60,Physics,202002305,Omar Hassan,01142859863,80,Mohandiseen Street,2003-04-10,Male,omar.hassan,Science,'Dr. Yousry'
61,Nanotechnology,202102418,Mariam Samir,01141859860,110,Tahrir View Street,2003-11-19,Female,Mariam.Samir@zewailcity,Engineering,'Dr. Ahmed'
62,Renewable,202102519,Amr Farouk,01141859861,120,Giza View Street,2003-06-11,Male,amr.samir@zewailcity,Engineering,'Dr. Yousry'
63,CIE,202101021,Haneen Khaled,01141859870,260,Sharkia Street,2003-07-05,Female,Haneen.Khaled@zewailcity,Engineering,'Dr. Yousry'
64,Nanotechnology,202100715,Sarah Youssef,01141859854,50,Tahrir Street,2003-09-30,Female,sarah.youssef@zewailcity,Engineering,'Dr. Yousry'
65,Renewable,202101416,Mahmoud Khaled,01141859855,60,Giza Street,2003-01-05,Male,Mahmoud.khaled@zewailcity,Engineering,'Dr. Yousry'
66,Biomedical,202001304,Ahmed Mustafa,01142859853,40,Maadi Street,2002-04-25,Male,ahmed.mustafa@zewailcity,Science,'Dr. Yousry'
67,Nanoscience,202001522,Hussein Mahmoud,01142859871,270,Assiut Street,2002-03-20,Male,hussein.mahmoud@zewailcity,Science,'Dr. Tarek'
68,Physics,202001120,Norhan Adel,01142859869,250,Fayoum Street,2002-11-10,Female,norhan.adel@zewailcity,Science,'Dr. Tarek'
69,Biomedical,202001404,Layla Ahmed,01142859862,70,Zamalek Street,2003-09-20,Female,layla.ahmed,Science,'Dr. Tarek'
70,Physics,202001305,Omar Hassan,01142859863,80,Mohandiseen Street,2003-04-10,Male,omar.hassan,Science,'Dr. Tarek'
71,Nanotechnology,202002418,Mariam Samir,01141859860,110,Tahrir View Street,2003-11-19,Female,Mariam.Samir@zewailcity,Engineering,'Dr. Tarek'
72,Renewable,202002519,Amr Farouk,01141859861,120,Giza View Street,2003-06-11,Male,amr.samir@zewailcity,Engineering,'Dr. Maher'
73,CIE,202002021,Haneen Khaled,01141859870,260,Sharkia Street,2003-07-05,Female,Haneen.Khaled@zewailcity,Engineering,'Dr. Maher'
74,Nanotechnology,202002715,Sarah Youssef,01141859854,50,Tahrir Street,2003-09-30,Female,sarah.youssef@zewailcity,Engineering,'Dr. Maher'
75,Renewable,202002416,Mahmoud Khaled,01141859855,60,Giza Street,2003-01-05,Male,Mahmoud.khaled@zewailcity,Engineering,'Dr. Maher'
76,Biomedical,202002304,Ahmed Mustafa,01142859853,40,Maadi Street,2002-04-25,Male,ahmed.mustafa@zewailcity,Science,'Dr. Maher'
77,Nanoscience,202002522,Hussein Mahmoud,01142859871,270,Assiut Street,2002-03-20,Male,hussein.mahmoud@zewailcity,Science,'Dr. Maher'
78,Physics,202002120,Norhan Adel,01142859869,250,Fayoum Street,2002-11-10,Female,norhan.adel@zewailcity,Science,'Dr. Maher'
79,Biomedical,202002404,Layla Ahmed,01142859862,70,Zamalek Street,2003-09-20,Female,layla.ahmed,Science,'Dr. Maher'
80,Physics,202002305,Omar Hassan,01142859863,80,Mohandiseen Street,2003-04-10,Male,omar.hassan,Science,'Dr. Maher'
81,Nanotechnology,202102418,Mariam Samir,01141859860,110,Tahrir View Street,2003-11-19,Female,Mariam.Samir@zewailcity,Engineering,'Dr. Maher'
82,Renewable,202102519,Amr Farouk,01141859861,120,Giza View Street,2003-06-11,Male,amr.samir@zewailcity,Engineering,'Dr. Tarek'
83,CIE,202101021,Haneen Khaled,01141859870,260,Sharkia Street,2003-07-05,Female,Haneen.Khaled@zewailcity,Engineering,'Dr. Tarek'
84,Nanotechnology,202100715,Sarah Youssef,01141859854,50,Tahrir Street,2003-09-30,Female,sarah.youssef@zewailcity,Engineering,'Dr. Khaled'
85,Renewable,202101416,Mahmoud Khaled,01141859855,60,Giza Street,2003-01-05,Male,Mahmoud.khaled@zewailcity,Engineering,'Dr. Khaled'
86,Biomedical,202001304,Ahmed Mustafa,01142859853,40,Maadi Street,2002-04-25,Male,ahmed.mustafa@zewailcity,Science,'Dr. Khaled'
87,Nanoscience,202001522,Hussein Mahmoud,01142859871,270,Assiut Street,2002-03-20,Male,hussein.mahmoud@zewailcity,Science,'Dr. Khaled'
88,Physics,202001120,Norhan Adel,01142859869,250,Fayoum Street,2002-11-10,Female,norhan.adel@zewailcity,Science,'Dr. Khaled'
89,Biomedical,202001404,Layla Ahmed,01142859862,70,Zamalek Street,2003-09-20,Female,layla.ahmed,Science,'Dr. Khaled'
90,Physics,202001305,Omar Hassan,01142859863,80,Mohandiseen Street,2003-04-10,Male,omar.hassan,Science,'Dr. Khaled'
91,Nanotechnology,202102418,Mariam Samir,01141859860,110,Tahrir View Street,2003-11-19,Female,Mariam.Samir@zewailcity,Engineering,'Dr. Khaled'
92,Renewable,202102519,Amr Farouk,01141859861,120,Giza View Street,2003-06-11,Male,amr.samir@zewailcity,Engineering,'Dr. Khaled'
93,CIE,202101021,Haneen Khaled,01141859870,260,Sharkia Street,2003-07-05,Female,Haneen.Khaled@zewailcity,Engineering,'Dr. Khaled'
94,Nanotechnology,202100715,Sarah Youssef,01141859854,50,Tahrir Street,2003-09-30,Female,sarah.youssef@zewailcity,Engineering,'Dr. Khaled'
95,Renewable,202101416,Mahmoud Khaled,01141859855,60,Giza Street,2003-01-05,Male,Mahmoud.khaled@zewailcity,Engineering,'Dr. Khaled'
96,Biomedical,202001304,Ahmed Mustafa,01142859853,40,Maadi Street,2002-04-25,Male,ahmed.mustafa@zewailcity,Science,'Dr. Khaled'
97,Nanoscience,202001522,Hussein Mahmoud,01142859871,270,Assiut Street,2002-03-20,Male,hussein.mahmoud@zewailcity,Science,'Dr. Khaled'
98,Physics,202001120,Norhan Adel,01142859869,250,Fayoum Street,2002-11-10,Female,norhan.adel@zewailcity,Science,'Dr. Khaled'
99,Biomedical,202001404,Layla Ahmed,01142859862,70,Zamalek Street,2003-09-20,Female,layla.ahmed,Science,'Dr. Khaled'
100,Physics,202001305,Omar Hassan,01142859863,80,Mohandiseen Street,2003-04-10,Male,omar.hassan,Science,'Dr. Khaled'
101,Nanotechnology,202102418,Mariam Samir,01141859860,110,Tahrir View Street,2003-11-19,Female,Mariam.Samir@zewailcity,Engineering,'Dr. Khaled'
102,Renewable,202102519,Amr Farouk,01141859861,120,Giza View Street,2003-06-11,Male,amr.samir@zewailcity,Engineering,'Dr. Mayda'
103,CIE,202101021,Haneen Khaled,01141859870,260,Sharkia Street,2003-07-05,Female,Haneen.Khaled@zewailcity,Engineering,'Dr. Mayda'
104,Nanotechnology,202100715,Sarah Youssef,01141859854,50,Tahrir Street,2003-09-30,Female,sarah.youssef@zewailcity,Engineering,'Dr. Mayda'
105,Renewable,202101416,Mahmoud Khaled,01141859855,60,Giza Street,2003-01-05,Male,Mahmoud.khaled@zewailcity,Engineering,'Dr. Mayda'
106,Biomedical,202001304,Ahmed Mustafa,01142859853,40,Maadi Street,2002-04-25,Male,ahmed.mustafa@zewailcity,Science,'Dr. Mayda'
107,Nanoscience,202001522,Hussein Mahmoud,01142859871,270,Assiut Street,2002-03-20,Male,hussein.mahmoud@zewailcity,Science,'Dr. Mayda'
108,Physics,202001120,Norhan Adel,01142859869,250,Fayoum Street,2002-11-10,Female,norhan.adel@zewailcity,Science,'Dr. Maher'
109,Biomedical,202001404,Layla Ahmed,01142859862,70,Zamalek Street,2003-09-20,Female,layla.ahmed,Science,'Dr. Maher'
110,Physics,202001305,Omar Hassan,01142859863,80,Mohandiseen Street,2003-04-10,Male,omar.hassan,Science,'Dr. Maher'
111,Nanotechnology,202102418,Mariam Samir,01141859860,110,Tahrir View Street,2003-11-19,Female,Mariam.Samir@zewailcity,Engineering,'Dr. Maher'
112,Renewable,202102519,Amr Farouk,01141859861,120,Giza View Street,2003-06-11,Male,amr.samir@zewailcity,Engineering,'Dr. Maher'
113,CIE,202101021,Haneen Khaled,01141859870,260,Sharkia Street,2003-07-05,Female,Haneen.Khaled@zewailcity,Engineering,'Dr. Maher'
114,Nanotechnology,202100715,Sarah Youssef,01141859854,50,Tahrir Street,2003-09-30,Female,sarah.youssef@zewailcity,Engineering,'Dr. Maher'
115,Renewable,202101416,Mahmoud Khaled,01141859855,60,Giza Street,2003-01-05,Male,Mahmoud.khaled@zewailcity,Engineering,'Dr. Maher'
116,Biomedical,202001304,Ahmed Mustafa,01142859853,40,Maadi Street,2002-04-25,Male,ahmed.mustafa@zewailcity,Science,'Dr. Maher'
117,Nanoscience,202001522,Hussein Mahmoud,01142859871,270,Assiut Street,2002-03-20,Male,hussein.mahmoud@zewailcity,Science,'Dr. Maher'
118,Physics,202001120,Norhan Adel,01142859869,250,Fayoum Street,2002-11-10,Female,norhan.adel@zewailcity,Science,'Dr. Maher'
119,Biomedical,202001404,Layla Ahmed,01142859862,70,Zamalek Street,2003-09-20,Female,layla.ahmed,Science,'Dr. Yousry'
120,Physics,202001305,Omar Hassan,01142859863,80,Mohandiseen Street,2003-04-10,Male,omar.hassan,Science,'Dr. Maher'

